Cb1,1-280-5-1-3-57-001-3-1f-3.1.3-20.3-1.52-3.1-1.62-630-605.9-095-95-205-67-522-6.74?-311.71-670-2-95-755?-6-?-53?*
Cb2,280-5-280.3-053-207-20f-41-380.1-67.10f-67-730-670-1-631-571-700-380.1-600.64-400-64-660y-64h-660-380.1-370-379.13-379.13*
Cb3,?-1?.6-380.1-1.72-077-27.711-380.1-3.254-10?.430-254-97a-1-380.1-607-255-380.1-1.62f-1.8-1.62f-1.62fx-380.1-607-1.607*
Cb4,607-380.1-90-1-007-53-380.1-605.700x-605.700x-605.700x-670-380.1-660.5-064h-660.5-64h-660.5-380.1-40-40-95:042-56-430-245?-3.255?.3*
Cb5,9-431.9-190.3-665.52-94a-81-003.354.3-65-680-95-3.523.4-5-430-2-1-290-216.?-290.73-61.24.61-6.74f-523f-522f*
Cb6,27-400-360y-360y-41-091-17-22?-6V-381-4-66-760.4-66-281-281-381-4-66-760.4-?-?-?-17-6V-381f-066-760-4-30b-381-11*
Cb7,4-760-66-4.607-066-760-4-608y-004-760.4-2-95-66-760-004-27-66V-4.2-086-66V-760-4-275-296.3-86-390.8-300*
Cb8,8-8-465.9-4-760-86-248-20V-4.3-4.3-671.3-99-4-2-4-002-70-95-1?-95-205-2.10-205-1t-2-700-69-006.74f-755-700*
Cb9,22f-302-40-302-7-002-44?-660-77-?.3-077-?-2.?-2-60-2-060-2-60-730-002-10.2.69-2-5-2-208-546-410-95-95.95-445.2?*
Cb10,480.2-483-2-480-002-665-667-107-59f.6-59f.8-59f.3.1-391.71-10.2-052x.66-4-760-6.10-3.305-4.600-3.40-3.50-095*
Cb11,3.670-99-4-002-4-2-1-001-6.10.78-211-70-401y-40-522f-762-761-557-1h-000?-556-1h-700-215-003.?.3-2.62-420y-254-7*
Cb12,95:060-53-700-1.62-3.70-060-460-247-5.244-730.69-3.215-4.400-040.3-3.50-670.3-99-7-67-22f-022-700-20-37.86-522f-?*
Cb13,522f-22-700-20-1-86-522f-440-86-19-86-522f-7-20-670-40-40-40-044?.420y-?-22-50V-22.62.10-700-663-280-60-2-2-5-10.67-67?*
Cb14,145-209-40-700-530.70-664-725-17-325-40-380-290-47-206.711.711-680-400-480-52x-460?-?*
